{
  "code": "200",
  "message": "操作成功",
  "detailMessage": null,
  "data": {
    "pageNum": 1,
    "pageSize": 20,
    "size": 1,
    "startRow": 1,
    "endRow": 1,
    "total": 1,
    "pages": 3,
    "list": [
      {
        "id": 355,
        "orderId": "0012017091100000012",
        "expressId": "221193908143",
        "senderName": "秋千",
        "senderPhone": "13522525626",
        "senderProvince": "广东省",
        "senderCity": "广州市",
        "senderDistrict": "花都区",
        "senderAddress": "123",
        "senderAreaCode": "440114",
        "receiverName": "试试",
        "receiverPhone": "13655252655",
        "receiverProvince": "山西省",
        "receiverCity": "长治市",
        "receiverDistrict": "郊区",
        "receiverAddress": "发过火",
        "receiverAreaCode": "140411",
        "goodsName": "国际",
        "estimateWeight": 12,
        "actualWeight": null,
        "userRemark": "11",
        "pricingRemark": null,
        "estimatePrice": 32.89,
        "contractPrice": null,
        "commissionRate": 0.1,
        "commissionPrice": null,
        "actualPrice": null,
        "orderTime": "2017-09-11 11:42:08",
        "startDate": "2017-09-12 09:00:00",
        "endDate": "2017-09-12 09:00:00",
        "orderStatus": 6,
        "printStatus": 0,
        "pricingStatus": 0,
        "subscribeStatus": 1,
        "orderContentSrc": "",
        "payType": 2
      },
      {
        "id": 355,
        "orderId": "0012017091100000012",
        "expressId": "221193908143",
        "senderName": "秋千",
        "senderPhone": "13522525626",
        "senderProvince": "广东省",
        "senderCity": "广州市",
        "senderDistrict": "花都区",
        "senderAddress": "123",
        "senderAreaCode": "440114",
        "receiverName": "试试",
        "receiverPhone": "13655252655",
        "receiverProvince": "山西省",
        "receiverCity": "长治市",
        "receiverDistrict": "郊区",
        "receiverAddress": "发过火",
        "receiverAreaCode": "140411",
        "goodsName": "国际",
        "estimateWeight": 12,
        "actualWeight": null,
        "userRemark": "11",
        "pricingRemark": null,
        "estimatePrice": 32.89,
        "contractPrice": null,
        "commissionRate": 0.1,
        "commissionPrice": null,
        "actualPrice": null,
        "orderTime": "2017-09-11 11:42:08",
        "startDate": "2017-09-12 09:00:00",
        "endDate": "2017-09-12 09:00:00",
        "orderStatus": 4,
        "printStatus": 0,
        "pricingStatus": 0,
        "subscribeStatus": 1,
        "orderContentSrc": "",
        "payType": 1
      },
      {
        "id": 355,
        "orderId": "0012017091100000012",
        "expressId": "221193908143",
        "senderName": "秋千",
        "senderPhone": "13522525626",
        "senderProvince": "广东省",
        "senderCity": "广州市",
        "senderDistrict": "花都区",
        "senderAddress": "123",
        "senderAreaCode": "440114",
        "receiverName": "试试",
        "receiverPhone": "13655252655",
        "receiverProvince": "山西省",
        "receiverCity": "长治市",
        "receiverDistrict": "郊区",
        "receiverAddress": "发过火",
        "receiverAreaCode": "140411",
        "goodsName": "国际",
        "estimateWeight": 12,
        "actualWeight": null,
        "userRemark": "11",
        "pricingRemark": null,
        "estimatePrice": 32.89,
        "contractPrice": null,
        "commissionRate": 0.1,
        "commissionPrice": null,
        "actualPrice": null,
        "orderTime": "2017-09-11 11:42:08",
        "startDate": "2017-09-12 09:00:00",
        "endDate": "2017-09-12 09:00:00",
        "orderStatus": 4,
        "printStatus": 0,
        "pricingStatus": 0,
        "subscribeStatus": 1,
        "orderContentSrc": "",
        "payType": 1
      },
      {
        "id": 355,
        "orderId": "0012017091100000012",
        "expressId": "221193908143",
        "senderName": "秋千",
        "senderPhone": "13522525626",
        "senderProvince": "广东省",
        "senderCity": "广州市",
        "senderDistrict": "花都区",
        "senderAddress": "123",
        "senderAreaCode": "440114",
        "receiverName": "试试",
        "receiverPhone": "13655252655",
        "receiverProvince": "山西省",
        "receiverCity": "长治市",
        "receiverDistrict": "郊区",
        "receiverAddress": "发过火",
        "receiverAreaCode": "140411",
        "goodsName": "国际",
        "estimateWeight": 12,
        "actualWeight": null,
        "userRemark": "11",
        "pricingRemark": null,
        "estimatePrice": 32.89,
        "contractPrice": null,
        "commissionRate": 0.1,
        "commissionPrice": null,
        "actualPrice": null,
        "orderTime": "2017-09-11 11:42:08",
        "startDate": "2017-09-12 09:00:00",
        "endDate": "2017-09-12 09:00:00",
        "orderStatus": 4,
        "printStatus": 0,
        "pricingStatus": 0,
        "subscribeStatus": 1,
        "orderContentSrc": "",
        "payType": 1
      },
      {
        "id": 355,
        "orderId": "0012017091100000012",
        "expressId": "221193908143",
        "senderName": "秋千",
        "senderPhone": "13522525626",
        "senderProvince": "广东省",
        "senderCity": "广州市",
        "senderDistrict": "花都区",
        "senderAddress": "123",
        "senderAreaCode": "440114",
        "receiverName": "试试",
        "receiverPhone": "13655252655",
        "receiverProvince": "山西省",
        "receiverCity": "长治市",
        "receiverDistrict": "郊区",
        "receiverAddress": "发过火",
        "receiverAreaCode": "140411",
        "goodsName": "国际",
        "estimateWeight": 12,
        "actualWeight": null,
        "userRemark": "11",
        "pricingRemark": null,
        "estimatePrice": 32.89,
        "contractPrice": null,
        "commissionRate": 0.1,
        "commissionPrice": null,
        "actualPrice": null,
        "orderTime": "2017-09-11 11:42:08",
        "startDate": "2017-09-12 09:00:00",
        "endDate": "2017-09-12 09:00:00",
        "orderStatus": 4,
        "printStatus": 0,
        "pricingStatus": 0,
        "subscribeStatus": 1,
        "orderContentSrc": "",
        "payType": 1
      },
      {
        "id": 355,
        "orderId": "0012017091100000012",
        "expressId": "221193908143",
        "senderName": "秋千",
        "senderPhone": "13522525626",
        "senderProvince": "广东省",
        "senderCity": "广州市",
        "senderDistrict": "花都区",
        "senderAddress": "123",
        "senderAreaCode": "440114",
        "receiverName": "试试",
        "receiverPhone": "13655252655",
        "receiverProvince": "山西省",
        "receiverCity": "长治市",
        "receiverDistrict": "郊区",
        "receiverAddress": "发过火",
        "receiverAreaCode": "140411",
        "goodsName": "国际",
        "estimateWeight": 12,
        "actualWeight": null,
        "userRemark": "11",
        "pricingRemark": null,
        "estimatePrice": 32.89,
        "contractPrice": null,
        "commissionRate": 0.1,
        "commissionPrice": null,
        "actualPrice": null,
        "orderTime": "2017-09-11 11:42:08",
        "startDate": "2017-09-12 09:00:00",
        "endDate": "2017-09-12 09:00:00",
        "orderStatus": 4,
        "printStatus": 0,
        "pricingStatus": 0,
        "subscribeStatus": 1,
        "orderContentSrc": "",
        "payType": 1
      },
      {
        "id": 355,
        "orderId": "0012017091100000012",
        "expressId": "221193908143",
        "senderName": "秋千",
        "senderPhone": "13522525626",
        "senderProvince": "广东省",
        "senderCity": "广州市",
        "senderDistrict": "花都区",
        "senderAddress": "123",
        "senderAreaCode": "440114",
        "receiverName": "试试",
        "receiverPhone": "13655252655",
        "receiverProvince": "山西省",
        "receiverCity": "长治市",
        "receiverDistrict": "郊区",
        "receiverAddress": "发过火",
        "receiverAreaCode": "140411",
        "goodsName": "国际",
        "estimateWeight": 12,
        "actualWeight": null,
        "userRemark": "11",
        "pricingRemark": null,
        "estimatePrice": 32.89,
        "contractPrice": null,
        "commissionRate": 0.1,
        "commissionPrice": null,
        "actualPrice": null,
        "orderTime": "2017-09-11 11:42:08",
        "startDate": "2017-09-12 09:00:00",
        "endDate": "2017-09-12 09:00:00",
        "orderStatus": 4,
        "printStatus": 0,
        "pricingStatus": 0,
        "subscribeStatus": 1,
        "orderContentSrc": "",
        "payType": 1
      },
      {
        "id": 355,
        "orderId": "0012017091100000012",
        "expressId": "221193908143",
        "senderName": "秋千",
        "senderPhone": "13522525626",
        "senderProvince": "广东省",
        "senderCity": "广州市",
        "senderDistrict": "花都区",
        "senderAddress": "123",
        "senderAreaCode": "440114",
        "receiverName": "试试",
        "receiverPhone": "13655252655",
        "receiverProvince": "山西省",
        "receiverCity": "长治市",
        "receiverDistrict": "郊区",
        "receiverAddress": "发过火",
        "receiverAreaCode": "140411",
        "goodsName": "国际",
        "estimateWeight": 12,
        "actualWeight": null,
        "userRemark": "11",
        "pricingRemark": null,
        "estimatePrice": 32.89,
        "contractPrice": null,
        "commissionRate": 0.1,
        "commissionPrice": null,
        "actualPrice": null,
        "orderTime": "2017-09-11 11:42:08",
        "startDate": "2017-09-12 09:00:00",
        "endDate": "2017-09-12 09:00:00",
        "orderStatus": 4,
        "printStatus": 0,
        "pricingStatus": 0,
        "subscribeStatus": 1,
        "orderContentSrc": "",
        "payType": 1
      },
      {
        "id": 355,
        "orderId": "0012017091100000012",
        "expressId": "221193908143",
        "senderName": "秋千",
        "senderPhone": "13522525626",
        "senderProvince": "广东省",
        "senderCity": "广州市",
        "senderDistrict": "花都区",
        "senderAddress": "123",
        "senderAreaCode": "440114",
        "receiverName": "试试",
        "receiverPhone": "13655252655",
        "receiverProvince": "山西省",
        "receiverCity": "长治市",
        "receiverDistrict": "郊区",
        "receiverAddress": "发过火",
        "receiverAreaCode": "140411",
        "goodsName": "国际",
        "estimateWeight": 12,
        "actualWeight": null,
        "userRemark": "11",
        "pricingRemark": null,
        "estimatePrice": 32.89,
        "contractPrice": null,
        "commissionRate": 0.1,
        "commissionPrice": null,
        "actualPrice": null,
        "orderTime": "2017-09-11 11:42:08",
        "startDate": "2017-09-12 09:00:00",
        "endDate": "2017-09-12 09:00:00",
        "orderStatus": 4,
        "printStatus": 0,
        "pricingStatus": 0,
        "subscribeStatus": 1,
        "orderContentSrc": "",
        "payType": 1
      },
      {
        "id": 355,
        "orderId": "0012017091100000012",
        "expressId": "221193908143",
        "senderName": "秋千",
        "senderPhone": "13522525626",
        "senderProvince": "广东省",
        "senderCity": "广州市",
        "senderDistrict": "花都区",
        "senderAddress": "123",
        "senderAreaCode": "440114",
        "receiverName": "试试",
        "receiverPhone": "13655252655",
        "receiverProvince": "山西省",
        "receiverCity": "长治市",
        "receiverDistrict": "郊区",
        "receiverAddress": "发过火",
        "receiverAreaCode": "140411",
        "goodsName": "国际",
        "estimateWeight": 12,
        "actualWeight": null,
        "userRemark": "11",
        "pricingRemark": null,
        "estimatePrice": 32.89,
        "contractPrice": null,
        "commissionRate": 0.1,
        "commissionPrice": null,
        "actualPrice": null,
        "orderTime": "2017-09-11 11:42:08",
        "startDate": "2017-09-12 09:00:00",
        "endDate": "2017-09-12 09:00:00",
        "orderStatus": 4,
        "printStatus": 0,
        "pricingStatus": 0,
        "subscribeStatus": 1,
        "orderContentSrc": ""
      },
      {
        "id": 355,
        "orderId": "0012017091100000012",
        "expressId": "221193908143",
        "senderName": "秋千",
        "senderPhone": "13522525626",
        "senderProvince": "广东省",
        "senderCity": "广州市",
        "senderDistrict": "花都区",
        "senderAddress": "123",
        "senderAreaCode": "440114",
        "receiverName": "试试",
        "receiverPhone": "13655252655",
        "receiverProvince": "山西省",
        "receiverCity": "长治市",
        "receiverDistrict": "郊区",
        "receiverAddress": "发过火",
        "receiverAreaCode": "140411",
        "goodsName": "国际",
        "estimateWeight": 12,
        "actualWeight": null,
        "userRemark": "11",
        "pricingRemark": null,
        "estimatePrice": 32.89,
        "contractPrice": null,
        "commissionRate": 0.1,
        "commissionPrice": null,
        "actualPrice": null,
        "orderTime": "2017-09-11 11:42:08",
        "startDate": "2017-09-12 09:00:00",
        "endDate": "2017-09-12 09:00:00",
        "orderStatus": 4,
        "printStatus": 0,
        "pricingStatus": 0,
        "subscribeStatus": 1,
        "orderContentSrc": "",
        "payType": 1
      },
      {
        "id": 355,
        "orderId": "0012017091100000012",
        "expressId": "221193908143",
        "senderName": "秋千",
        "senderPhone": "13522525626",
        "senderProvince": "广东省",
        "senderCity": "广州市",
        "senderDistrict": "花都区",
        "senderAddress": "123",
        "senderAreaCode": "440114",
        "receiverName": "试试",
        "receiverPhone": "13655252655",
        "receiverProvince": "山西省",
        "receiverCity": "长治市",
        "receiverDistrict": "郊区",
        "receiverAddress": "发过火",
        "receiverAreaCode": "140411",
        "goodsName": "国际",
        "estimateWeight": 12,
        "actualWeight": null,
        "userRemark": "11",
        "pricingRemark": null,
        "estimatePrice": 32.89,
        "contractPrice": null,
        "commissionRate": 0.1,
        "commissionPrice": null,
        "actualPrice": null,
        "orderTime": "2017-09-11 11:42:08",
        "startDate": "2017-09-12 09:00:00",
        "endDate": "2017-09-12 09:00:00",
        "orderStatus": 4,
        "printStatus": 0,
        "pricingStatus": 0,
        "subscribeStatus": 1,
        "orderContentSrc": "",
        "payType": 1
      }
    ]
  }
}
