{
  "code": "200",
  "message": "获取成功",
  "detailMessage": null,
  "data": {
    "userId": 613,
    "avatarUrl": "http://yd.oss.rfgmc.com/photo_pic/1515737005216.jpg",
    "mobile": "13556164307",
    "email": "qq@126.com",
    "realName": "张大大",
    "nickName": "暮雨",
    "gender": 1,
    "provinceCode": "460000000000",
    "cityCode": "460400000000",
    "areaCode": "460400113000",
    "provinceName": "海南省",
    "cityName": "儋州市",
    "areaName": "中和镇",
    "address": "具体地址",
    "invoiceTitle": "大大公司"
  }
}
