{
  "code": "200",
  "message": "获取成功",
  "detailMessage": null,
  "data": {
    "pageNum": 1,
    "pageSize": 10,
    "size": 10,
    "orderBy": null,
    "startRow": 1,
    "endRow": 1,
    "total": 195,
    "pages": 20,
    "list": [
      {
        "userId": 1,
        "avatarUrl": null,
        "mobile": "18027337200",
        "email": "wjiaqi@rfchina.com",
        "realName": null,
        "nickName": "18027337201",
        "gender": 3,
        "provinceCode": null,
        "cityCode": null,
        "areaCode": null,
        "provinceName": "广东省",
        "cityName": "广州市",
        "areaName": "天河区",
        "address": "珠江新城花城大道",
        "invoiceTitle": null,
        "userSource": null,
        "registerTime": 1513853715000,
        "loginTimes": 12,
        "lastLoginTime": 1513853715000,
        "createTime": 1513271255000,
        "createBy": 1,
        "updateTime": 1513271255000,
        "updateBy": 1
      },
      {
        "userId": 1,
        "avatarUrl": null,
        "mobile": "18027337200",
        "email": "ajiaqi@rfchina.com",
        "realName": null,
        "nickName": "18027337201",
        "gender": 3,
        "provinceCode": null,
        "cityCode": null,
        "areaCode": null,
        "provinceName": null,
        "cityName": null,
        "areaName": null,
        "address": null,
        "invoiceTitle": null,
        "userSource": null,
        "registerTime": 1513853715000,
        "loginTimes": 12,
        "lastLoginTime": 1513853715000,
        "createTime": 1513271255000,
        "createBy": 1,
        "updateTime": 1513271255000,
        "updateBy": 1
      },
      {
        "userId": 1,
        "avatarUrl": null,
        "mobile": "18027337200",
        "email": "jiaqi@rfchina.com",
        "realName": null,
        "nickName": "18027337201",
        "gender": 3,
        "provinceCode": null,
        "cityCode": null,
        "areaCode": null,
        "provinceName": null,
        "cityName": null,
        "areaName": null,
        "address": null,
        "invoiceTitle": null,
        "userSource": null,
        "registerTime": 1513853715000,
        "loginTimes": 12,
        "lastLoginTime": 1513853715000,
        "createTime": 1513271255000,
        "createBy": 1,
        "updateTime": 1513271255000,
        "updateBy": 1
      }
    ],
    "firstPage": 1,
    "prePage": 0,
    "nextPage": 0,
    "lastPage": 1,
    "isFirstPage": true,
    "isLastPage": true,
    "hasPreviousPage": false,
    "hasNextPage": false,
    "navigatePages": 8,
    "navigatepageNums": [
      1
    ]
  }
}
